{
  "benchmark_empty": 594,
  "benchmark_errors": 0,
  "build_duration_seconds": 153.065361,
  "generated_at": "2026-07-20T15:03:56.222279Z",
  "model_count": 328
}