{
  "benchmark_empty": 601,
  "benchmark_errors": 0,
  "build_duration_seconds": 113.115577,
  "generated_at": "2026-07-17T07:02:59.296069Z",
  "model_count": 333
}