{
  "benchmark_empty": 606,
  "benchmark_errors": 0,
  "build_duration_seconds": 101.137218,
  "generated_at": "2026-07-21T23:02:45.524352Z",
  "model_count": 331
}