{
  "benchmark_empty": 601,
  "benchmark_errors": 14,
  "build_duration_seconds": 52.866807,
  "generated_at": "2026-07-17T03:32:51.169603Z",
  "model_count": 333
}