{
  "benchmark_empty": 600,
  "benchmark_errors": 11,
  "build_duration_seconds": 59.211836,
  "generated_at": "2026-07-17T04:02:09.375181Z",
  "model_count": 333
}