{
  "benchmark_empty": 637,
  "benchmark_errors": 0,
  "build_duration_seconds": 128.074093,
  "generated_at": "2026-07-22T23:03:12.535323Z",
  "model_count": 356
}